url_path,views_total,views_unique
/NBICLAB/OPT-GAN,6,6
/NBICLAB/OPT-GAN/tree/main/Examples/example_neep,6,2
/NBICLAB/OPT-GAN/tree/main/Examples/example_neep/datasets,3,1
/NBICLAB/OPT-GAN/tree/main,2,1
/NBICLAB/OPT-GAN/tree/main/Examples,2,1
/NBICLAB/OPT-GAN/tree/main/Examples/example_neep/datasets/train,2,1
/NBICLAB/OPT-GAN/blob/main/Code of OPT-GAN/OPTGAN.py,1,1
/NBICLAB/OPT-GAN/blob/main/Code of OPT-GAN/OPTGAN_model.py,1,1
/NBICLAB/OPT-GAN/blob/main/Code of OPT-GAN/Variable.py,1,1
/NBICLAB/OPT-GAN/blob/main/Code of OPT-GAN/experiment_Conformal_Bent_Cigar.py,1,1
